Ticker symbol,Security,SEC filings,GICS Sector,GICS Sub Industry,Address of Headquarters,Date first added,CIK
MMM,3M Company,reports,Industrials,Industrial Conglomerates,"St. Paul, Minnesota",,66740
ABT,Abbott Laboratories,reports,Health Care,Health Care Equipment,"North Chicago, Illinois",31-03-1964,1800
ABBV,AbbVie,reports,Health Care,Pharmaceuticals,"North Chicago, Illinois",31-12-2012,1551152
ACN,Accenture plc,reports,Information Technology,IT Consulting & Other Services,"Dublin, Ireland",06-07-2011,1467373
ATVI,Activision Blizzard,reports,Information Technology,Home Entertainment Software,"Santa Monica, California",31-08-2015,718877
AYI,Acuity Brands Inc,reports,Industrials,Electrical Components & Equipment,"Atlanta, Georgia",03-05-2016,1144215
ADBE,Adobe Systems Inc,reports,Information Technology,Application Software,"San Jose, California",05-05-1997,796343
AAP,Advance Auto Parts,reports,Consumer Discretionary,Automotive Retail,"Roanoke, Virginia",09-07-2015,1158449
AES,AES Corp,reports,Utilities,Independent Power Producers & Energy Traders,"Arlington, Virginia",,874761
AET,Aetna Inc,reports,Health Care,Managed Health Care,"Hartford, Connecticut",30-06-1976,1122304
AMG,Affiliated Managers Group Inc,reports,Financials,Asset Management & Custody Banks,"Beverly, Massachusetts",01-07-2014,1004434
AFL,AFLAC Inc,reports,Financials,Life & Health Insurance,"Columbus, Georgia",,4977
A,Agilent Technologies Inc,reports,Health Care,Health Care Equipment,"Santa Clara, California",,1090872
APD,Air Products & Chemicals Inc,reports,Materials,Industrial Gases,"Allentown, Pennsylvania",30-04-1985,2969
AKAM,Akamai Technologies Inc,reports,Information Technology,Internet Software & Services,"Cambridge, Massachusetts",12-07-2007,1086222
ALK,Alaska Air Group Inc,reports,Industrials,Airlines,"Seattle, Washington",13-05-2016,766421
ALB,Albemarle Corp,reports,Materials,Specialty Chemicals,"Baton Rouge, Louisiana",01-07-2016,915913
ALXN,Alexion Pharmaceuticals,reports,Health Care,Biotechnology,"Cheshire, Connecticut",25-05-2012,899866
ALLE,Allegion,reports,Industrials,Building Products,"Dublin, Ireland",02-12-2013,1579241
AGN,"Allergan, Plc",reports,Health Care,Pharmaceuticals,"Dublin, Ireland",,884629
ADS,Alliance Data Systems,reports,Information Technology,Data Processing & Outsourced Services,"Plano, Texas",23-12-2013,1101215
LNT,Alliant Energy Corp,reports,Utilities,Electric Utilities,"Madison, Wisconsin",01-07-2016,352541
ALL,Allstate Corp,reports,Financials,Property & Casualty Insurance,"Northfield Township, Illinois",,899051
GOOGL,Alphabet Inc Class A,reports,Information Technology,Internet Software & Services,"Mountain View, California",03-04-2014,1652044
GOOG,Alphabet Inc Class C,reports,Information Technology,Internet Software & Services,"Mountain View, California",,1652044
MO,Altria Group Inc,reports,Consumer Staples,Tobacco,"Richmond, Virginia",,764180
AMZN,Amazon.com Inc,reports,Consumer Discretionary,Internet & Direct Marketing Retail,"Seattle, Washington",18-11-2005,1018724
AEE,Ameren Corp,reports,Utilities,MultiUtilities,"St. Louis, Missouri",19-09-1991,1002910
AAL,American Airlines Group,reports,Industrials,Airlines,"Fort Worth, Texas",23-03-2015,6201
AEP,American Electric Power,reports,Utilities,Electric Utilities,"Columbus, Ohio",,4904
AXP,American Express Co,reports,Financials,Consumer Finance,"New York, New York",30-06-1976,4962
AIG,"American International Group, Inc.",reports,Financials,Property & Casualty Insurance,"New York, New York",31-03-1980,5272
AMT,American Tower Corp A,reports,Real Estate,Specialized REITs,"Boston, Massachusetts",19-11-2007,1053507
AWK,American Water Works Company Inc,reports,Utilities,Water Utilities,"Voorhees, New Jersey",04-03-2016,1410636
AMP,Ameriprise Financial,reports,Financials,Asset Management & Custody Banks,"Minneapolis, Minnesota",,820027
ABC,AmerisourceBergen Corp,reports,Health Care,Health Care Distributors,"Chesterbrook, Pennsylvania",,1140859
AME,AMETEK Inc,reports,Industrials,Electrical Components & Equipment,"Berwyn, Pennsylvania",23-09-2013,1037868
AMGN,Amgen Inc,reports,Health Care,Biotechnology,"Thousand Oaks, California",02-01-1992,318154
APH,Amphenol Corp,reports,Information Technology,Electronic Components,"Wallingford, Connecticut",30-09-2008,820313
APC,Anadarko Petroleum Corp,reports,Energy,Oil & Gas Exploration & Production,"The Woodlands, Texas",,773910
ADI,"Analog Devices, Inc.",reports,Information Technology,Semiconductors,"Norwood, Massachusetts",,6281
ANTM,Anthem Inc.,reports,Health Care,Managed Health Care,"Indianapolis, Indiana",,1156039
AON,Aon plc,reports,Financials,Insurance Brokers,"London, United Kingdom",,315293
APA,Apache Corporation,reports,Energy,Oil & Gas Exploration & Production,"Houston, Texas",,6769
AIV,Apartment Investment & Mgmt,reports,Real Estate,REITs,"Denver, Colorado",,922864
AAPL,Apple Inc.,reports,Information Technology,Computer Hardware,"Cupertino, California",30-11-1982,320193
AMAT,Applied Materials Inc,reports,Information Technology,Semiconductor Equipment,"Santa Clara, California",,6951
ADM,Archer-Daniels-Midland Co,reports,Consumer Staples,Agricultural Products,"Decatur, Illinois",29-07-1981,7084
ARNC,Arconic Inc,reports,Industrials,Aerospace & Defense,"New York, New York",31-03-1964,4281
AJG,Arthur J. Gallagher & Co.,reports,Financials,Insurance Brokers,"Itasca, Illinois",31-05-2016,354190
AIZ,Assurant Inc,reports,Financials,Multi-line Insurance,"New York, New York",10-04-2007,1267238
T,AT&T Inc,reports,Telecommunications Services,Integrated Telecommunications Services,"Dallas, Texas",30-11-1983,732717
ADSK,Autodesk Inc,reports,Information Technology,Application Software,"San Rafael, California",01-12-1989,769397
ADP,Automatic Data Processing,reports,Information Technology,Internet Software & Services,"Roseland, New Jersey",31-03-1981,8670
AN,AutoNation Inc,reports,Consumer Discretionary,Specialty Stores,"Fort Lauderdale, Florida",,350698
AZO,AutoZone Inc,reports,Consumer Discretionary,Specialty Stores,"Memphis, Tennessee",,866787
AVB,"AvalonBay Communities, Inc.",reports,Real Estate,Residential REITs,"Arlington, Virginia[3]",10-01-2007,915912
AVY,Avery Dennison Corp,reports,Materials,Paper Packaging,"Glendale, California",31-12-1987,8818
BHI,Baker Hughes Inc,reports,Energy,Oil & Gas Equipment & Services,"Houston, Texas",,808362
BLL,Ball Corp,reports,Materials,Metal & Glass Containers,"Broomfield, Colorado",31-10-1984,9389
BAC,Bank of America Corp,reports,Financials,Banks,"Charlotte, North Carolina",30-06-1976,70858
BCR,Bard (C.R.) Inc.,reports,Health Care,Health Care Equipment,"Murray Hill, New Jersey",30-06-1975,9892
BAX,Baxter International Inc.,reports,Health Care,Health Care Equipment,"Deerfield, Illinois",30-09-1972,10456
BBT,BB&T Corporation,reports,Financials,Banks,"Winston-Salem, North Carolina",,92230
BDX,Becton Dickinson,reports,Health Care,Health Care Equipment,"Franklin Lakes, New Jersey",30-09-1972,10795
BBBY,Bed Bath & Beyond,reports,Consumer Discretionary,Specialty Stores,"Union, New Jersey",,886158
BRK.B,Berkshire Hathaway,reports,Financials,Multi-Sector Holdings,"Omaha, Nebraska",16-02-2010,1067983
BBY,Best Buy Co. Inc.,reports,Consumer Discretionary,Computer & Electronics Retail,"Richfield, Minnesota",,764478
BIIB,BIOGEN IDEC Inc.,reports,Health Care,Biotechnology,"Weston, Massachusetts",,875045
BLK,BlackRock,reports,Financials,Asset Management & Custody Banks,"New York, New York",04-04-2011,1364742
HRB,Block H&R,reports,Financials,Consumer Finance,"Kansas City, Missouri",30-11-1986,12659
BA,Boeing Company,reports,Industrials,Aerospace & Defense,"Chicago, Illinois",,12927
BWA,BorgWarner,reports,Consumer Discretionary,Auto Parts & Equipment,"Auburn Hills, Michigan",19-12-2011,908255
BXP,Boston Properties,reports,Real Estate,REITs,"Boston, Massachusetts",,1037540
BSX,Boston Scientific,reports,Health Care,Health Care Equipment,"Marlborough, Massachusetts[4]",,885725
BMY,Bristol-Myers Squibb,reports,Health Care,Health Care Distributors,"New York, New York",,14272
AVGO,Broadcom,reports,Information Technology,Semiconductors,"San Jose, California",08-05-2014,1441634
BF.B,Brown-Forman Corporation,reports,Consumer Staples,Distillers & Vintners,"Louisville, Kentucky",31-10-1982,14693
CHRW,C. H. Robinson Worldwide,reports,Industrials,Air Freight & Logistics,"Eden Prairie, Minnesota",,1043277
CA,"CA, Inc.",reports,Information Technology,Systems Software,"Islandia, New York",31-07-1987,356028
COG,Cabot Oil & Gas,reports,Energy,Oil & Gas Exploration & Production,"Houston, Texas",23-06-2008,858470
CPB,Campbell Soup,reports,Consumer Staples,Packaged Foods & Meats,"Camden, New Jersey",,16732
COF,Capital One Financial,reports,Financials,Consumer Finance,"Tysons Corner, Virginia",,927628
CAH,Cardinal Health Inc.,reports,Health Care,Health Care Distributors,"Dublin, Ohio",,721371
KMX,Carmax Inc,reports,Consumer Discretionary,Specialty Stores,"Richmond, Virginia",28-06-2010,1170010
CCL,Carnival Corp.,reports,Consumer Discretionary,"Hotels, Resorts & Cruise Lines","Miami, Florida",,815097
CAT,Caterpillar Inc.,reports,Industrials,Construction & Farm Machinery & Heavy Trucks,"Peoria, Illinois",,18230
CBG,CBRE Group,reports,Real Estate,Real Estate Services,"Los Angeles, California",,1138118
CBS,CBS Corp.,reports,Consumer Discretionary,Broadcasting & Cable TV,"New York, New York",01-09-1994,813828
CELG,Celgene Corp.,reports,Health Care,Biotechnology,"Summit, New Jersey",,816284
CNC,Centene Corporation,reports,Health Care,Managed Health Care,"St Louis, Missouri",30-03-2016,1071739
CNP,CenterPoint Energy,reports,Utilities,MultiUtilities,"Houston, Texas",31-07-1985,1130310
CTL,CenturyLink Inc,reports,Telecommunications Services,Integrated Telecommunications Services,"Monroe, Louisiana",,18926
CERN,Cerner,reports,Health Care,Health Care Technology,"North Kansas City, Missouri",30-04-2010,804753
CF,CF Industries Holdings Inc,reports,Materials,Fertilizers & Agricultural Chemicals,"Deerfield, Illinois",27-08-2008,1324404
SCHW,Charles Schwab Corporation,reports,Financials,Investment Banking & Brokerage,"San Francisco, California",,316709
CHTR,Charter Communications,reports,Consumer Discretionary,Cable & Satellite,"Stamford, Connecticut",08-09-2016,1091667
CHK,Chesapeake Energy,reports,Energy,Integrated Oil & Gas,"Oklahoma City, Oklahoma",,895126
CVX,Chevron Corp.,reports,Energy,Integrated Oil & Gas,"San Ramon, California",,93410
CMG,Chipotle Mexican Grill,reports,Consumer Discretionary,Restaurants,"Denver, Colorado",28-04-2011,1058090
CB,Chubb Limited,reports,Financials,Property & Casualty Insurance,"Zurich, Switzerland",15-07-2010,896159
CHD,Church & Dwight,reports,Consumer Staples,Household Products,"Ewing, New Jersey",29-12-2015,313927
CI,CIGNA Corp.,reports,Health Care,Managed Health Care,"Philadelphia, Pennsylvania",30-06-1976,701221
XEC,Cimarex Energy,reports,Energy,Oil & Gas Exploration & Production,"Denver, Colorado",21-06-2014,1168054
CINF,Cincinnati Financial,reports,Financials,Property & Casualty Insurance,"Fairfield, Ohio",,20286
CTAS,Cintas Corporation,reports,Industrials,Diversified Support Services,"Mason, Ohio",,723254
CSCO,Cisco Systems,reports,Information Technology,Networking Equipment,"San Jose, California",01-12-1993,858877
C,Citigroup Inc.,reports,Financials,Banks,"New York, New York",31-05-1988,831001
CFG,Citizens Financial Group,reports,Financials,Regional Banks,"Providence, Rhode Island",29-01-2016,759944
CTXS,Citrix Systems,reports,Information Technology,Internet Software & Services,"Fort Lauderdale, Florida",,877890
CME,CME Group Inc.,reports,Financials,Financial Exchanges & Data,"Chicago, Illinois",,1156375
CMS,CMS Energy,reports,Utilities,MultiUtilities,"Jackson, Michigan",,811156
COH,Coach Inc.,reports,Consumer Discretionary,"Apparel, Accessories & Luxury Goods","New York, New York",,1116132
KO,Coca Cola Company,reports,Consumer Staples,Soft Drinks,"Atlanta, Georgia",,21344
CTSH,Cognizant Technology Solutions,reports,Information Technology,IT Consulting & Other Services,"Teaneck, New Jersey",,1058290
CL,Colgate-Palmolive,reports,Consumer Staples,Household Products,"New York, New York",,21665
CMCSA,Comcast A Corp,reports,Consumer Discretionary,Cable & Satellite,"Philadelphia, Pennsylvania",18-09-2015,1166691
CMA,Comerica Inc.,reports,Financials,Regional Banks,"Dallas, Texas",,28412
CAG,ConAgra Foods Inc.,reports,Consumer Staples,Packaged Foods & Meats,"Omaha, Nebraska",31-08-1983,23217
CXO,Concho Resources,reports,Energy,Oil & Gas Exploration & Production,"Midland, Texas",22-02-2016,1358071
COP,ConocoPhillips,reports,Energy,Oil & Gas Exploration & Production,"Houston, Texas",,1163165
ED,Consolidated Edison,reports,Utilities,Electric Utilities,"New York, New York",,1047862
STZ,Constellation Brands,reports,Consumer Staples,Distillers & Vintners,"Victor, New York",,16918
GLW,Corning Inc.,reports,Information Technology,Electronic Components,"Corning, New York",,24741
COST,Costco Co.,reports,Consumer Staples,Hypermarkets & Super Centers,"Issaquah, Washington",01-10-1993,909832
COTY,"Coty, Inc",reports,Consumer Staples,Personal Products,"New York, NY",03-10-2016,1024305
CCI,Crown Castle International Corp.,reports,Real Estate,REITs,"Houston, Texas",14-03-2012,1051470
CSRA,CSRA Inc.,reports,Information Technology,IT Consulting & Other Services,"Falls Church, Virginia",01-12-2015,1646383
CSX,CSX Corp.,reports,Industrials,Railroads,"Jacksonville, Florida",30-09-1967,277948
CMI,Cummins Inc.,reports,Industrials,Industrial Machinery,"Columbus, Indiana",31-03-1965,26172
CVS,CVS Health,reports,Consumer Staples,Drug Retail,"Woonsocket, Rhode Island",,64803
DHI,D. R. Horton,reports,Consumer Discretionary,Homebuilding,"Fort Worth, Texas",,882184
DHR,Danaher Corp.,reports,Industrials,Industrial Conglomerates,"Washington, D.C.",,313616
DRI,Darden Restaurants,reports,Consumer Discretionary,Restaurants,"Orlando, Florida",,940944
DVA,DaVita Inc.,reports,Health Care,Health Care Facilities,"Denver, Colorado",31-07-2008,927066
DE,Deere & Co.,reports,Industrials,Construction & Farm Machinery & Heavy Trucks,"Moline, Illinois",,315189
DLPH,Delphi Automotive,reports,Consumer Discretionary,Auto Parts & Equipment,"Gillingham, Kent, United Kingdom",24-12-2012,1521332
DAL,Delta Air Lines,reports,Industrials,Airlines,"Atlanta, Georgia",11-09-2013,27904
XRAY,Dentsply Sirona,reports,Health Care,Health Care Supplies,"York, Pennsylvania",14-11-2008,818479
DVN,Devon Energy Corp.,reports,Energy,Oil & Gas Exploration & Production,"Oklahoma City, Oklahoma",,1090012
DLR,Digital Realty Trust,reports,Real Estate,Specialized REITs,"San Francisco, California",18-05-2016,1297996
DFS,Discover Financial Services,reports,Financials,Consumer Finance,"Riverwoods, Illinois",02-07-2007,1393612
DISCA,Discovery Communications-A,reports,Consumer Discretionary,Cable & Satellite,"Silver Spring, Maryland",01-03-2010,1437107
DISCK,Discovery Communications-C,reports,Consumer Discretionary,Cable & Satellite,"Silver Spring, Maryland",07-08-2014,1437107
DG,Dollar General,reports,Consumer Discretionary,General Merchandise Stores,"Goodlettsville, Tennessee",03-12-2012,29534
DLTR,Dollar Tree,reports,Consumer Discretionary,General Merchandise Stores,"Chesapeake, Virginia",19-12-2011,935703
D,Dominion Resources,reports,Utilities,Electric Utilities,"Richmond, Virginia",,715957
DOV,Dover Corp.,reports,Industrials,Industrial Machinery,"Downers Grove, Illinois",31-10-1985,29905
DOW,Dow Chemical,reports,Materials,Diversified Chemicals,"Midland, Michigan",,29915
DPS,Dr Pepper Snapple Group,reports,Consumer Staples,Soft Drinks,"Plano, Texas",07-10-2008,1418135
DTE,DTE Energy Co.,reports,Utilities,MultiUtilities,"Detroit, Michigan",,936340
DD,Du Pont (E.I.),reports,Materials,Diversified Chemicals,"Wilmington, Delaware",,30554
DUK,Duke Energy,reports,Utilities,Electric Utilities,"Charlotte, North Carolina",30-06-1976,1326160
DNB,Dun & Bradstreet,reports,Industrials,Research & Consulting Services,"Short Hills, New Jersey",02-12-2008,1115222
ETFC,E*Trade,reports,Financials,Investment Banking & Brokerage,"New York, New York",31-03-2004,1015780
EMN,Eastman Chemical,reports,Materials,Diversified Chemicals,"Kingsport, Tennessee",01-01-1994,915389
ETN,Eaton Corporation,reports,Industrials,Industrial Conglomerates,"Dublin, Ireland",,1551182
EBAY,eBay Inc.,reports,Information Technology,Internet Software & Services,"San Jose, California",,1065088
ECL,Ecolab Inc.,reports,Materials,Specialty Chemicals,"St. Paul, Minnesota",31-01-1989,31462
EIX,Edison Int'l,reports,Utilities,Electric Utilities,"Rosemead, California",,827052
EW,Edwards Lifesciences,reports,Health Care,Health Care Equipment,"Irvine, California",01-04-2011,1099800
EA,Electronic Arts,reports,Information Technology,Home Entertainment Software,"Redwood City, California",,712515
EMR,Emerson Electric Company,reports,Industrials,Industrial Conglomerates,"Ferguson, Missouri",31-03-1965,32604
ENDP,Endo International,reports,Health Care,Pharmaceuticals,"Dublin, Ireland",27-01-2015,1100962
ETR,Entergy Corp.,reports,Utilities,Electric Utilities,"New Orleans, Louisiana",,65984
EVHC,Envision Healthcare Corp,reports,Health Care,Health Care Services,"Nashville, Tennessee",02-12-2016,895930
EOG,EOG Resources,reports,Energy,Oil & Gas Exploration & Production,"Houston, Texas",,821189
EQT,EQT Corporation,reports,Energy,Oil & Gas Exploration & Production,"Pittsburgh, Pennsylvania",19-12-2008,33213
EFX,Equifax Inc.,reports,Industrials,Research & Consulting Services,"Atlanta, Georgia",,33185
EQIX,Equinix,reports,Real Estate,REITs,"Redwood City, California",20-03-2015,1101239
EQR,Equity Residential,reports,Real Estate,REITs,"Chicago, Illinois",,906107
ESS,"Essex Property Trust, Inc.",reports,Real Estate,Residential REITs,"Palo Alto, California",02-04-2014,920522
EL,Estee Lauder Cos.,reports,Consumer Staples,Personal Products,"New York, New York",,1001250
ES,Eversource Energy,reports,Utilities,MultiUtilities,"Springfield, Massachusetts",,72741
EXC,Exelon Corp.,reports,Utilities,MultiUtilities,"Chicago, Illinois",,1109357
EXPE,Expedia Inc.,reports,Consumer Discretionary,Internet & Direct Marketing Retail,"Bellevue, Washington",02-10-2007,1324424
EXPD,Expeditors Int'l,reports,Industrials,Air Freight & Logistics,"Seattle, Washington",10-10-2007,746515
ESRX,Express Scripts,reports,Health Care,Health Care Distributors,"Cool Valley, Missouri",25-09-2003,1532063
EXR,Extra Space Storage,reports,Real Estate,Specialized REITs,"Salt Lake City, UT",19-01-2016,1289490
XOM,Exxon Mobil Corp.,reports,Energy,Integrated Oil & Gas,"Irving, Texas",,34088
FFIV,F5 Networks,reports,Information Technology,Networking Equipment,"Seattle, Washington",20-12-2010,1048695
FB,Facebook,reports,Information Technology,Internet Software & Services,"Menlo Park, California",23-12-2013,1326801
FAST,Fastenal Co,reports,Industrials,Building Products,"Winona, Minnesota",15-09-2009,815556
FRT,Federal Realty Investment Trust,reports,Real Estate,Retail REITs,"Rockville, Maryland",01-02-2016,34903
FDX,FedEx Corporation,reports,Industrials,Air Freight & Logistics,"Memphis, Tennessee",31-12-1980,1048911
FIS,Fidelity National Information Services,reports,Information Technology,Internet Software & Services,"Jacksonville, Florida",,1136893
FITB,Fifth Third Bancorp,reports,Financials,Banks,"Cincinnati, Ohio",,35527
FSLR,First Solar Inc,reports,Information Technology,Semiconductors,"Tempe, Arizona",16-10-2009,1274494
FE,FirstEnergy Corp,reports,Utilities,Electric Utilities,"Akron, Ohio",,1031296
FISV,Fiserv Inc,reports,Information Technology,Internet Software & Services,"Brookfield, Wisconsin",,798354
FLIR,FLIR Systems,reports,Information Technology,Electronic Equipment & Instruments,"Wilsonville, Oregon",02-01-2009,354908
FLS,Flowserve Corporation,reports,Industrials,Industrial Machinery,"Irving, Texas",02-10-2008,30625
FLR,Fluor Corp.,reports,Industrials,Diversified Commercial Services,"Irving, Texas",31-03-1980,1124198
FMC,FMC Corporation,reports,Materials,Diversified Chemicals,"Philadelphia, Pennsylvania",19-08-2009,37785
FTI,FMC Technologies Inc.,reports,Energy,Oil & Gas Equipment & Services,"Houston, Texas",05-06-2009,1135152
FL,Foot Locker Inc,reports,Consumer Discretionary,Apparel Retail,"New York, New York",04-04-2016,850209
F,Ford Motor,reports,Consumer Discretionary,Automobile Manufacturers,"Dearborn, Michigan",,37996
FTV,Fortive Corp,reports,Industrials,Industrial Machinery,"Everett, Washington",01-07-2016,1659166
FBHS,Fortune Brands Home & Security,reports,Industrials,Building Products,"Deerfield, Illinois",22-06-2016,1519751
BEN,Franklin Resources,reports,Financials,Asset Management & Custody Banks,"San Mateo, California",,38777
FCX,Freeport-McMoran Cp & Gld,reports,Materials,Copper,"Phoenix, Arizona",,831259
FTR,Frontier Communications,reports,Telecommunications Services,Integrated Telecommunications Services,"Stamford, Connecticut",,20520
GPS,Gap (The),reports,Consumer Discretionary,Apparel Retail,"San Francisco, California",31-08-1986,39911
GRMN,Garmin Ltd.,reports,Consumer Discretionary,Consumer Electronics,"Schaffhausen, Switzerland",12-12-2012,1121788
GD,General Dynamics,reports,Industrials,Aerospace & Defense,"Falls Church, Virginia",,40533
GE,General Electric,reports,Industrials,Industrial Conglomerates,"Fairfield, Connecticut",,40545
GGP,General Growth Properties Inc.,reports,Real Estate,Retail REITs,"Chicago, Illinois",10-12-2013,895648
GIS,General Mills,reports,Consumer Staples,Packaged Foods & Meats,"Golden Valley, Minnesota",31-03-1969,40704
GM,General Motors,reports,Consumer Discretionary,Automobile Manufacturers,"Detroit, Michigan",06-06-2013,1467858
GPC,Genuine Parts,reports,Consumer Discretionary,Specialty Stores,"Atlanta, Georgia",31-12-1973,40987
GILD,Gilead Sciences,reports,Health Care,Biotechnology,"Foster City, California",,882095
GPN,Global Payments Inc,reports,Information Technology,Data Processing & Outsourced Services,"Atlanta, Georgia",25-04-2016,1123360
GS,Goldman Sachs Group,reports,Financials,Investment Banking & Brokerage,"New York, New York",,886982
GT,Goodyear Tire & Rubber,reports,Consumer Discretionary,Tires & Rubber,"Akron, Ohio",,42582
GWW,Grainger (W.W.) Inc.,reports,Industrials,Industrial Materials,"Lake Forest, Illinois",30-06-1981,277135
HAL,Halliburton Co.,reports,Energy,Oil & Gas Equipment & Services,"Houston, Texas",,45012
HBI,Hanesbrands Inc,reports,Consumer Discretionary,"Apparel, Accessories & Luxury Goods","Winston-Salem, North Carolina",20-03-2015,1359841
HOG,Harley-Davidson,reports,Consumer Discretionary,Motorcycle Manufacturers,"Milwaukee, Wisconsin",,793952
HAR,Harman Int'l Industries,reports,Consumer Discretionary,Consumer Electronics,"Stamford, Connecticut",,800459
HRS,Harris Corporation,reports,Information Technology,Telecommunications Equipment,"Melbourne, Florida",22-09-2008,202058
HIG,Hartford Financial Svc.Gp.,reports,Financials,Property & Casualty Insurance,"Hartford, Connecticut",,874766
HAS,Hasbro Inc.,reports,Consumer Discretionary,Leisure Products,"Pawtucket, Rhode Island",30-09-1984,46080
HCA,HCA Holdings,reports,Health Care,Health Care Facilities,"Nashville, Tennessee",27-01-2015,860730
HCP,HCP Inc.,reports,Real Estate,REITs,"Long Beach, California",31-03-2008,765880
HP,Helmerich & Payne,reports,Energy,Oil & Gas Drilling,"Tulsa, Oklahoma[5]",,46765
HSIC,Henry Schein,reports,Health Care,Health Care Distributors,"Melville, New York",17-03-2015,1000228
HES,Hess Corporation,reports,Energy,Integrated Oil & Gas,"New York, New York",31-05-1984,4447
HPE,Hewlett Packard Enterprise,reports,Information Technology,"Technology Hardware, Storage & Peripherals","Palo Alto, California",02-11-2015,1645590
HOLX,Hologic,reports,Health Care,Health Care Equipment,"Marlborough, Massachusetts",30-03-2016,859737
HD,Home Depot,reports,Consumer Discretionary,Home Improvement Retail,"Atlanta, Georgia",31-03-1988,354950
HON,Honeywell Int'l Inc.,reports,Industrials,Industrial Conglomerates,"Morristown, New Jersey",31-03-1964,773840
HRL,Hormel Foods Corp.,reports,Consumer Staples,Packaged Foods & Meats,"Austin, Minnesota",04-03-2009,48465
HST,Host Hotels & Resorts,reports,Real Estate,REITs,"Bethesda, Maryland",20-03-2007,1070750
HPQ,HP Inc.,reports,Information Technology,Computer Hardware,"Palo Alto, California",31-12-1974,47217
HUM,Humana Inc.,reports,Health Care,Managed Health Care,"Louisville, Kentucky",,49071
HBAN,Huntington Bancshares,reports,Financials,Banks,"Columbus, Ohio",,49196
IDXX,IDEXX Laboratories,reports,Health Care,Health Care Equipment,"Westbrook, Maine",05-01-2017,874716
ITW,Illinois Tool Works,reports,Industrials,Industrial Machinery,"Glenview, Illinois",28-02-1986,49826
ILMN,Illumina Inc,reports,Health Care,Life Sciences Tools & Services,"San Diego, California",19-11-2015,1110803
IR,Ingersoll-Rand PLC,reports,Industrials,Industrial Conglomerates,"Dublin, Ireland",17-11-2010,1466258
INTC,Intel Corp.,reports,Information Technology,Semiconductors,"Santa Clara, California",31-12-1976,50863
ICE,Intercontinental Exchange,reports,Financials,Diversified Financial Services,"Atlanta, Georgia",26-09-2007,1571949
IBM,International Business Machines,reports,Information Technology,IT Consulting & Other Services,"Armonk, New York",,51143
IP,International Paper,reports,Materials,Paper Packaging,"Memphis, Tennessee",,51434
IPG,Interpublic Group,reports,Consumer Discretionary,Advertising,"New York, New York",01-10-1992,51644
IFF,Intl Flavors & Fragrances,reports,Materials,Specialty Chemicals,"New York, New York",31-03-1976,51253
INTU,Intuit Inc.,reports,Information Technology,Internet Software & Services,"Mountain View, California",05-12-2000,896878
ISRG,Intuitive Surgical Inc.,reports,Health Care,Health Care Equipment,"Sunnyvale, California",02-06-2008,1035267
IVZ,Invesco Ltd.,reports,Financials,Asset Management & Custody Banks,"Atlanta, Georgia",21-08-2008,914208
IRM,Iron Mountain Incorporated,reports,Real Estate,REITs,"Boston, Massachusetts",06-01-2009,1020569
JBHT,J. B. Hunt Transport Services,reports,Industrials,Trucking,"Lowell, Arkansas",01-07-2015,728535
JEC,Jacobs Engineering Group,reports,Industrials,Industrial Conglomerates,"Pasadena, California",26-10-2007,52988
SJM,JM Smucker,reports,Consumer Staples,Packaged Foods & Meats,"Orrville, Ohio",06-11-2008,91419
JNJ,Johnson & Johnson,reports,Health Care,Health Care Equipment,"New Brunswick, New Jersey",30-06-1973,200406
JCI,Johnson Controls International,reports,Industrials,Building Products,"Cork, Ireland",27-08-2010,833444
JPM,JPMorgan Chase & Co.,reports,Financials,Banks,"New York, New York",30-06-1975,19617
JNPR,Juniper Networks,reports,Information Technology,Networking Equipment,"Sunnyvale, California",,1043604
KSU,Kansas City Southern,reports,Industrials,Railroads,"Kansas City, Missouri",24-05-2013,54480
K,Kellogg Co.,reports,Consumer Staples,Packaged Foods & Meats,"Battle Creek, Michigan",,55067
KEY,KeyCorp,reports,Financials,Banks,"Cleveland, Ohio",01-03-1994,91576
KMB,Kimberly-Clark,reports,Consumer Staples,Household Products,"Irving, Texas",,55785
KIM,Kimco Realty,reports,Real Estate,REITs,"New Hyde Park, New York",,879101
KMI,Kinder Morgan,reports,Energy,Oil & Gas Refining & Marketing & Transportation,"Houston, Texas",25-05-2012,1506307
KLAC,KLA-Tencor Corp.,reports,Information Technology,Semiconductor Equipment,"Milpitas, California",,319201
KSS,Kohl's Corp.,reports,Consumer Discretionary,General Merchandise Stores,"Menomonee Falls, Wisconsin",,885639
KHC,Kraft Heinz Co,reports,Consumer Staples,Packaged Foods & Meats,"Pittsburgh, Pennsylvania",06-07-2015,1545158
KR,Kroger Co.,reports,Consumer Staples,Food Retail,"Cincinnati, Ohio",,56873
LB,L Brands Inc.,reports,Consumer Discretionary,Apparel Retail,"Columbus, Ohio",30-09-1983,701985
LLL,L-3 Communications Holdings,reports,Industrials,Industrial Conglomerates,"New York, New York",,1056239
LH,Laboratory Corp. of America Holding,reports,Health Care,Health Care Facilities,"Burlington, North Carolina",,920148
LRCX,Lam Research,reports,Information Technology,Semiconductor Equipment,"Fremont, California",29-06-2012,707549
LEG,Leggett & Platt,reports,Industrials,Industrial Conglomerates,"Carthage, Missouri",,58492
LEN,Lennar Corp.,reports,Consumer Discretionary,Homebuilding,"Miami, Florida",,920760
LUK,Leucadia National Corp.,reports,Financials,Multi-Sector Holdings,"New York, New York",27-08-2007,96223
LVLT,Level 3 Communications,reports,Telecommunications Services,Alternative Carriers,"Broomfield, Colorado",05-11-2014,794323
LLY,Lilly (Eli) & Co.,reports,Health Care,Pharmaceuticals,"Indianapolis, Indiana",31-12-1970,59478
LNC,Lincoln National,reports,Financials,Multi-line Insurance,"Radnor, Pennsylvania",30-06-1976,59558
LLTC,Linear Technology Corp.,reports,Information Technology,Semiconductors,"Milpitas, California",,791907
LKQ,LKQ Corporation,reports,Consumer Discretionary,Distributors,"Chicago, Illinois",23-05-2016,1065696
LMT,Lockheed Martin Corp.,reports,Industrials,Aerospace & Defense,"Bethesda, Maryland",31-07-1984,936468
L,Loews Corp.,reports,Financials,Multi-Sector Holdings,"New York, New York",,60086
LOW,Lowe's Cos.,reports,Consumer Discretionary,Home Improvement Retail,"Mooresville, North Carolina",29-02-1984,60667
LYB,LyondellBasell,reports,Materials,Diversified Chemicals,"Rotterdam, Netherlands",05-09-2012,1489393
MTB,M&T Bank Corp.,reports,Financials,Banks,"Buffalo, New York",,36270
MAC,Macerich,reports,Real Estate,Retail REITs,"Santa Monica, California",09-05-2013,912242
M,Macy's Inc.,reports,Consumer Discretionary,Department Stores,"Cincinnati, Ohio",,794367
MNK,Mallinckrodt Plc,reports,Health Care,Pharmaceuticals,"Dublin, Ireland",19-08-2014,1567892
MRO,Marathon Oil Corp.,reports,Energy,Oil & Gas Exploration & Production,"Houston, Texas",01-05-1991,101778
MPC,Marathon Petroleum,reports,Energy,Oil & Gas Refining & Marketing & Transportation,"Findlay, Ohio",01-07-2011,1510295
MAR,Marriott Int'l.,reports,Consumer Discretionary,"Hotels, Resorts & Cruise Lines","Bethesda, Maryland",,1048286
MMC,Marsh & McLennan,reports,Financials,Insurance Brokers,"New York, New York",31-08-1987,62709
MLM,Martin Marietta Materials,reports,Materials,Construction Materials,"Raleigh, North Carolina",02-07-2014,916076
MAS,Masco Corp.,reports,Industrials,Building Products,"Taylor, Michigan",30-06-1981,62996
MA,Mastercard Inc.,reports,Information Technology,Internet Software & Services,"Harrison, New York",18-07-2008,1141391
MAT,Mattel Inc.,reports,Consumer Discretionary,Leisure Products,"El Segundo, California",31-03-1982,63276
MKC,McCormick & Co.,reports,Consumer Staples,Packaged Foods & Meats,"Sparks, Maryland",,63754
MCD,McDonald's Corp.,reports,Consumer Discretionary,Restaurants,"Oak Brook, Illinois",30-06-1970,63908
MCK,McKesson Corp.,reports,Health Care,Health Care Distributors,"San Francisco, California",,927653
MJN,Mead Johnson,reports,Consumer Staples,Packaged Foods & Meats,"Glenview, Illinois",21-12-2009,1452575
MDT,Medtronic plc,reports,Health Care,Health Care Equipment,"Dublin, Ireland",31-10-1986,64670
MRK,Merck & Co.,reports,Health Care,Pharmaceuticals,"Whitehouse Station, New Jersey",,310158
MET,MetLife Inc.,reports,Financials,Life & Health Insurance,"New York, New York",,1099219
MTD,Mettler Toledo,reports,Health Care,Life Sciences Tools & Services,"Columbus, Ohio",06-09-2016,1037646
KORS,Michael Kors Holdings,reports,Consumer Discretionary,"Apparel, Accessories & Luxury Goods","New York, New York",13-11-2013,1530721
MCHP,Microchip Technology,reports,Information Technology,Semiconductors,"Chandler, Arizona",07-09-2007,827054
MU,Micron Technology,reports,Information Technology,Semiconductors,"Boise, Idaho",27-09-1994,723125
MSFT,Microsoft Corp.,reports,Information Technology,Systems Software,"Redmond, Washington",01-06-1994,789019
MAA,Mid-America Apartments,reports,Real Estate,Residential REITs,"Memphis, Tennessee",02-12-2016,912595
MHK,Mohawk Industries,reports,Consumer Discretionary,Home Furnishings,"Amsterdam, New York",23-12-2013,851968
TAP,Molson Coors Brewing Company,reports,Consumer Staples,Brewers,"Denver, Colorado",30-06-1976,24545
MDLZ,Mondelez International,reports,Consumer Staples,Packaged Foods & Meats,"Northfield, Illinois",02-10-2012,1103982
MON,Monsanto Co.,reports,Materials,Fertilizers & Agricultural Chemicals,"Creve Coeur, Missouri",07-08-2002,1110783
MNST,Monster Beverage,reports,Consumer Staples,Soft Drinks,"Corona, California",28-06-2012,865752
MCO,Moody's Corp,reports,Financials,Diversified Financial Services,"New York, New York",,1059556
MS,Morgan Stanley,reports,Financials,Investment Banking & Brokerage,"New York, New York",,895421
MSI,Motorola Solutions Inc.,reports,Information Technology,Telecommunications Equipment,"Schaumburg, Illinois",,68505
MUR,Murphy Oil,reports,Energy,Integrated Oil & Gas,"El Dorado, Arkansas",,717423
MYL,Mylan N.V.,reports,Health Care,Pharmaceuticals,"Amsterdam, Netherlands",,69499
NDAQ,NASDAQ OMX Group,reports,Financials,Diversified Financial Services,"New York, New York",22-10-2008,1120193
NOV,National Oilwell Varco Inc.,reports,Energy,Oil & Gas Equipment & Services,"Houston, Texas",,1021860
NAVI,Navient,reports,Financials,Consumer Finance,"Newark, Delaware",01-05-2014,1593538
NTAP,NetApp,reports,Information Technology,Internet Software & Services,"Sunnyvale, California",,1002047
NFLX,Netflix Inc.,reports,Information Technology,Internet Software & Services,"Los Gatos, California",20-12-2010,1065280
NWL,Newell Brands,reports,Consumer Discretionary,Housewares & Specialties,"Sandy Springs, Georgia",30-04-1989,814453
NFX,Newfield Exploration Co,reports,Energy,Oil & Gas Exploration & Production,"Houston, Texas",20-12-2010,912750
NEM,Newmont Mining Corp. (Hldg. Co.),reports,Materials,Gold,"Denver, Colorado",30-06-1969,1164727
NWSA,News Corp. Class A,reports,Consumer Discretionary,Publishing,"New York, New York",01-08-2013,1564708
NWS,News Corp. Class B,reports,Consumer Discretionary,Publishing,"New York, New York",18-09-2015,1564708
NEE,NextEra Energy,reports,Utilities,MultiUtilities,"Juno Beach, Florida",30-06-1976,753308
NLSN,Nielsen Holdings,reports,Industrials,Research & Consulting Services,"New York, New York",09-07-2013,1492633
NKE,Nike,reports,Consumer Discretionary,"Apparel, Accessories & Luxury Goods","Washington County, Oregon",30-11-1988,320187
NI,NiSource Inc.,reports,Utilities,MultiUtilities,"Merrillville, Indiana",,1111711
NBL,Noble Energy Inc,reports,Energy,Oil & Gas Exploration & Production,"Houston, Texas",08-10-2007,72207
JWN,Nordstrom,reports,Consumer Discretionary,Department Stores,"Seattle, Washington",31-08-1986,72333
NSC,Norfolk Southern Corp.,reports,Industrials,Railroads,"Norfolk, Virginia",,702165
NTRS,Northern Trust Corp.,reports,Financials,Asset Management & Custody Banks,"Chicago, Illinois",,73124
NOC,Northrop Grumman Corp.,reports,Industrials,Aerospace & Defense,"West Falls Church, Virginia",30-06-1985,1133421
NRG,NRG Energy,reports,Utilities,Independent Power Producers & Energy Traders,"Princeton, New Jersey",29-01-2010,1013871
NUE,Nucor Corp.,reports,Materials,Steel,"Charlotte, North Carolina",30-04-1985,73309
NVDA,Nvidia Corporation,reports,Information Technology,Semiconductors,"Santa Clara, California",,1045810
ORLY,O'Reilly Automotive,reports,Consumer Discretionary,Specialty Stores,"Springfield, Missouri",27-03-2009,898173
OXY,Occidental Petroleum,reports,Energy,Oil & Gas Exploration & Production,"Los Angeles, California",31-12-1982,797468
OMC,Omnicom Group,reports,Consumer Discretionary,Advertising,"New York, New York",,29989
OKE,ONEOK,reports,Energy,Oil & Gas Exploration & Production,"Tulsa, Oklahoma",15-03-2010,1039684
ORCL,Oracle Corp.,reports,Information Technology,Application Software,"Redwood Shores, California",31-08-1989,1341439
PCAR,PACCAR Inc.,reports,Industrials,Construction & Farm Machinery & Heavy Trucks,"Bellevue, Washington",31-12-1980,75362
PH,Parker-Hannifin,reports,Industrials,Industrial Conglomerates,"Cleveland, Ohio",30-11-1985,76334
PDCO,Patterson Companies,reports,Health Care,Health Care Supplies,"St. Paul, Minnesota",,891024
PAYX,Paychex Inc.,reports,Information Technology,Internet Software & Services,"Penfield, New York",,723531
PYPL,PayPal,reports,Information Technology,Data Processing & Outsourced Services,"San Jose, California",20-07-2015,1633917
PNR,Pentair Ltd.,reports,Industrials,Industrial Machinery,"Worsley, UK",01-10-2012,77360
PBCT,People's United Financial,reports,Financials,Thrifts & Mortgage Finance,"Bridgeport, Connecticut",13-11-2008,1378946
PEP,PepsiCo Inc.,reports,Consumer Staples,Soft Drinks,"Purchase, New York",,77476
PKI,PerkinElmer,reports,Health Care,Health Care Equipment,"Waltham, Massachusetts",31-05-1985,31791
PRGO,Perrigo,reports,Health Care,Pharmaceuticals,"Dublin, Ireland",19-12-2011,1585364
PFE,Pfizer Inc.,reports,Health Care,Pharmaceuticals,"New York, New York",,78003
PCG,PG&E Corp.,reports,Utilities,MultiUtilities,"San Francisco, California",,1004980
PM,Philip Morris International,reports,Consumer Staples,Tobacco,"New York, New York",31-03-2008,1413329
PSX,Phillips 66,reports,Energy,Oil & Gas Refining & Marketing & Transportation,"Houston, Texas",01-05-2012,1534701
PNW,Pinnacle West Capital,reports,Utilities,MultiUtilities,"Phoenix, Arizona",,764622
PXD,Pioneer Natural Resources,reports,Energy,Oil & Gas Exploration & Production,"Irving, Texas",24-09-2008,1038357
PBI,Pitney-Bowes,reports,Industrials,"Technology, Hardware, Software and Supplies","Stamford, Connecticut",,78814
PNC,PNC Financial Services,reports,Financials,Banks,"Pittsburgh, Pennsylvania",30-04-1988,713676
RL,Polo Ralph Lauren Corp.,reports,Consumer Discretionary,"Apparel, Accessories & Luxury Goods","New York, New York",02-02-2007,1037038
PPG,PPG Industries,reports,Materials,Diversified Chemicals,"Pittsburgh, Pennsylvania",,79879
PPL,PPL Corp.,reports,Utilities,Electric Utilities,"Allentown, Pennsylvania",,922224
PX,Praxair Inc.,reports,Materials,Industrial Gases,"Danbury, Connecticut",01-07-1992,884905
PCLN,Priceline.com Inc,reports,Consumer Discretionary,Internet & Direct Marketing Retail,"Norwalk, Connecticut",06-11-2009,1075531
PFG,Principal Financial Group,reports,Financials,Diversified Financial Services,"Des Moines, Iowa",,1126328
PG,Procter & Gamble,reports,Consumer Staples,Personal Products,"Cincinnati, Ohio",,80424
PGR,Progressive Corp.,reports,Financials,Property & Casualty Insurance,"Mayfield Village, Ohio",,80661
PLD,Prologis,reports,Real Estate,REITs,"San Francisco, California",,1045609
PRU,Prudential Financial,reports,Financials,Diversified Financial Services,"Newark, New Jersey",,1137774
PEG,Public Serv. Enterprise Inc.,reports,Utilities,Electric Utilities,"Newark, New Jersey",,788784
PSA,Public Storage,reports,Real Estate,REITs,"Glendale, California",,1393311
PHM,Pulte Homes Inc.,reports,Consumer Discretionary,Homebuilding,"Atlanta, Georgia",30-04-1984,822416
PVH,PVH Corp.,reports,Consumer Discretionary,"Apparel, Accessories & Luxury Goods","New York, New York",15-02-2013,78239
QRVO,Qorvo,reports,Information Technology,Semiconductors,"Greensboro, North Carolina",11-06-2015,1604778
QCOM,QUALCOMM Inc.,reports,Information Technology,Semiconductors,"San Diego, California",,804328
PWR,Quanta Services Inc.,reports,Industrials,Industrial Conglomerates,"Houston, Texas",01-07-2009,1050915
DGX,Quest Diagnostics,reports,Health Care,Health Care Facilities,"Madison, New Jersey",,1022079
RRC,Range Resources Corp.,reports,Energy,Oil & Gas Exploration & Production,"Fort Worth, Texas",21-12-2007,315852
RTN,Raytheon Co.,reports,Industrials,Aerospace & Defense,"Waltham, Massachusetts",,1047122
O,Realty Income Corporation,reports,Real Estate,Retail REITs,"San Diego, California",07-04-2015,726728
RHT,Red Hat Inc.,reports,Information Technology,Systems Software,"Raleigh, North Carolina",27-07-2009,1087423
REGN,Regeneron,reports,Health Care,Biotechnology,"Tarrytown, New York",01-05-2013,872589
RF,Regions Financial Corp.,reports,Financials,Diversified Financial Services,"Birmingham, Alabama",,1281761
RSG,Republic Services Inc,reports,Industrials,Industrial Conglomerates,"Phoenix, Arizona",05-12-2008,1060391
RAI,Reynolds American Inc.,reports,Consumer Staples,Tobacco,"Winston-Salem, North Carolina",,1275283
RHI,Robert Half International,reports,Industrials,Human Resource & Employment Services,"Menlo Park, California",,315213
ROK,Rockwell Automation Inc.,reports,Industrials,Industrial Conglomerates,"Milwaukee, Wisconsin",,1024478
COL,Rockwell Collins,reports,Industrials,Industrial Conglomerates,"Cedar Rapids, Iowa",,1137411
ROP,Roper Industries,reports,Industrials,Industrial Conglomerates,"Sarasota, Florida",23-12-2009,882835
ROST,Ross Stores,reports,Consumer Discretionary,Apparel Retail,"Pleasanton, California",21-12-2009,745732
RCL,Royal Caribbean Cruises Ltd,reports,Consumer Discretionary,"Hotels, Resorts & Cruise Lines","Miami, Florida",05-12-2014,884887
R,Ryder System,reports,Industrials,Industrial Conglomerates,"Miami, Florida",31-12-1982,85961
SPGI,"S&P Global, Inc.",reports,Financials,Diversified Financial Services,"New York, New York",,64040
CRM,Salesforce.com,reports,Information Technology,Internet Software & Services,"San Francisco, California",15-09-2008,1108524
SCG,SCANA Corp,reports,Utilities,MultiUtilities,"Cayce, South Carolina",02-01-2009,754737
SLB,Schlumberger Ltd.,reports,Energy,Oil & Gas Equipment & Services,"Curaçao, Kingdom of the Netherlands",31-03-1965,87347
SNI,Scripps Networks Interactive Inc.,reports,Consumer Discretionary,Broadcasting & Cable TV,"Cincinnati, Ohio",01-07-2008,1430602
STX,Seagate Technology,reports,Information Technology,Computer Storage & Peripherals,"Dublin, Ireland",02-07-2012,1137789
SEE,Sealed Air,reports,Materials,Paper Packaging,"Elmwood Park, New Jersey",,1012100
SRE,Sempra Energy,reports,Utilities,MultiUtilities,"San Diego, California",,1032208
SHW,Sherwin-Williams,reports,Materials,Specialty Chemicals,"Cleveland, Ohio",30-06-1964,89800
SIG,Signet Jewelers,reports,Consumer Discretionary,Specialty Stores,"Hamilton, Bermuda",29-07-2015,832988
SPG,Simon Property Group Inc,reports,Real Estate,REITs,"Indianapolis, Indiana",,1063761
SWKS,Skyworks Solutions,reports,Information Technology,Semiconductors,"Woburn, Massachusetts",12-03-2015,4127
SLG,SL Green Realty,reports,Real Estate,Office REITs,"New York, New York",20-03-2015,1040971
SNA,Snap-On Inc.,reports,Consumer Discretionary,Household Appliances,"Kenosha, Wisconsin",30-09-1982,91440
SO,Southern Co.,reports,Utilities,Electric Utilities,"Atlanta, Georgia",,92122
LUV,Southwest Airlines,reports,Industrials,Airlines,"Dallas, Texas",01-07-1994,92380
SWN,Southwestern Energy,reports,Energy,Oil & Gas Exploration & Production,"Houston, Texas[6]",06-06-2008,7332
SE,Spectra Energy Corp.,reports,Energy,Oil & Gas Refining & Marketing & Transportation,"Houston, Texas",,1373835
SWK,Stanley Black & Decker,reports,Consumer Discretionary,Household Appliances,"New Britain, Connecticut",30-09-1982,93556
SPLS,Staples Inc.,reports,Consumer Discretionary,Specialty Stores,"Framingham, Massachusetts",,791519
SBUX,Starbucks Corp.,reports,Consumer Discretionary,Restaurants,"Seattle, Washington",,829224
STT,State Street Corp.,reports,Financials,Diversified Financial Services,"Boston, Massachusetts",,93751
SRCL,Stericycle Inc,reports,Industrials,Industrial Conglomerates,"Lake Forest, Illinois",19-11-2008,861878
SYK,Stryker Corp.,reports,Health Care,Health Care Equipment,"Kalamazoo, Michigan",,310764
STI,SunTrust Banks,reports,Financials,Banks,"Atlanta, Georgia",31-05-1988,750556
SYMC,Symantec Corp.,reports,Information Technology,Application Software,"Mountain View, California",25-03-2003,849399
SYF,Synchrony Financial,reports,Financials,Consumer Finance,"Stamford, Connecticut",18-11-2015,1601712
SYY,Sysco Corp.,reports,Consumer Staples,Food Distributors,"Houston, Texas",31-12-1986,96021
TROW,T. Rowe Price Group,reports,Financials,Diversified Financial Services,"Baltimore, Maryland",,1113169
TGT,Target Corp.,reports,Consumer Discretionary,General Merchandise Stores,"Minneapolis, Minnesota",31-12-1976,27419
TEL,TE Connectivity Ltd.,reports,Information Technology,Electronic Manufacturing Services,"Schaffhausen, Switzerland",17-10-2011,1385157
TGNA,"Tegna, Inc.",reports,Consumer Discretionary,Publishing,"McLean, Virginia",31-12-1975,39899
TDC,Teradata Corp.,reports,Information Technology,Application Software,"Miamisburg, Ohio",01-10-2007,816761
TSO,Tesoro Petroleum Co.,reports,Energy,Oil & Gas Refining & Marketing & Transportation,"San Antonio, Texas",27-09-2007,50104
TXN,Texas Instruments,reports,Information Technology,Semiconductors,"Dallas, Texas",,97476
TXT,Textron Inc.,reports,Industrials,Industrial Conglomerates,"Providence, Rhode Island",31-12-1978,217346
BK,The Bank of New York Mellon Corp.,reports,Financials,Banks,"New York, New York",,1390777
CLX,The Clorox Company,reports,Consumer Staples,Household Products,"Oakland, California",31-03-1969,21076
COO,The Cooper Companies,reports,Health Care,Health Care Supplies,"Pleasanton, California",23-09-2016,711404
HSY,The Hershey Company,reports,Consumer Staples,Packaged Foods & Meats,"Hershey, Pennsylvania",,47111
MOS,The Mosaic Company,reports,Materials,Fertilizers & Agricultural Chemicals,"Plymouth, Minnesota",26-09-2011,1285785
TRV,The Travelers Companies Inc.,reports,Financials,Property & Casualty Insurance,"New York, New York",,86312
DIS,The Walt Disney Company,reports,Consumer Discretionary,Broadcasting & Cable TV,"Burbank, California",30-06-1976,1001039
TMO,Thermo Fisher Scientific,reports,Health Care,Health Care Equipment,"Waltham, Massachusetts",,97745
TIF,Tiffany & Co.,reports,Consumer Discretionary,"Apparel, Accessories & Luxury Goods","New York, New York",,98246
TWX,Time Warner Inc.,reports,Consumer Discretionary,Broadcasting & Cable TV,"New York, New York",,1105705
TJX,TJX Companies Inc.,reports,Consumer Discretionary,Apparel Retail,"Framingham, Massachusetts",30-09-1985,109198
TMK,Torchmark Corp.,reports,Financials,Life & Health Insurance,"McKinney, Texas",30-04-1989,320335
TSS,Total System Services,reports,Information Technology,Internet Software & Services,"Columbus, Georgia",02-01-2008,721683
TSCO,Tractor Supply Company,reports,Consumer Discretionary,Specialty Retail,"Brentwood, Tennessee",24-01-2014,916365
TDG,TransDigm Group,reports,Industrials,Aerospace & Defense,"Cleveland, Ohio",03-06-2016,1260221
RIG,Transocean,reports,Energy,Oil & Gas Drilling,"Vernier, Switzerland",29-10-2013,1451505
TRIP,TripAdvisor,reports,Consumer Discretionary,Internet & Direct Marketing Retail,"Newton, Massachusetts",21-12-2011,1526520
FOXA,Twenty-First Century Fox Class A,reports,Consumer Discretionary,Publishing,"New York, New York",01-07-2013,1308161
FOX,Twenty-First Century Fox Class B,reports,Consumer Discretionary,Publishing,"New York, New York",18-09-2015,1308161
TSN,Tyson Foods,reports,Consumer Staples,Packaged Foods & Meats,"Springdale, Arkansas",,100493
USB,U.S. Bancorp,reports,Financials,Banks,"Minneapolis, Minnesota",,36104
UDR,UDR Inc,reports,Real Estate,Residential REITs,"Highlands Ranch, Colorado",07-03-2016,74208
ULTA,Ulta Salon Cosmetics & Fragrance Inc,reports,Consumer Discretionary,Specialty Stores,"Bolingbrook, Illinois",18-04-2016,1403568
UA,Under Armour,reports,Consumer Discretionary,"Apparel, Accessories & Luxury Goods","Baltimore, Maryland",01-05-2014,1336917
UAA,Under Armour,reports,Consumer Discretionary,"Apparel, Accessories & Luxury Goods","Baltimore, Maryland",25-03-2016,1336917
UNP,Union Pacific,reports,Industrials,Railroads,"Omaha, Nebraska",,100885
UAL,United Continental Holdings,reports,Industrials,Airlines,"Chicago, Illinois",03-09-2015,100517
UNH,United Health Group Inc.,reports,Health Care,Managed Health Care,"Minnetonka, Minnesota",01-07-1994,731766
UPS,United Parcel Service,reports,Industrials,Air Freight & Logistics,"Atlanta, Georgia",,1090727
URI,"United Rentals, Inc.",reports,Industrials,Trading Companies & Distributors,"Stamford, Connecticut",20-09-2014,1067701
UTX,United Technologies,reports,Industrials,Industrial Conglomerates,"Hartford, Connecticut",,101829
UHS,"Universal Health Services, Inc.",reports,Health Care,Health Care Facilities,"King of Prussia, Pennsylvania",20-09-2014,352915
UNM,Unum Group,reports,Financials,Diversified Financial Services,"Chattanooga, Tennessee",01-03-1994,5513
URBN,Urban Outfitters,reports,Consumer Discretionary,Apparel Retail,"Philadelphia, Pennsylvania",08-02-2010,912615
VFC,V.F. Corp.,reports,Consumer Discretionary,"Apparel, Accessories & Luxury Goods","Greensboro, North Carolina",30-06-1979,103379
VLO,Valero Energy,reports,Energy,Oil & Gas Refining & Marketing & Transportation,"San Antonio, Texas",,1035002
VAR,Varian Medical Systems,reports,Health Care,Health Care Equipment,"Palo Alto, California",12-02-2007,203527
VTR,Ventas Inc,reports,Real Estate,REITs,"Chicago, Illinois",04-03-2009,740260
VRSN,Verisign Inc.,reports,Information Technology,Internet Software & Services,"Dulles, Virginia",,1014473
VRSK,Verisk Analytics,reports,Industrials,Research & Consulting Services,"Jersey City, New Jersey",08-10-2015,1442145
VZ,Verizon Communications,reports,Telecommunications Services,Integrated Telecommunications Services,"New York, New York",30-11-1983,732712
VRTX,Vertex Pharmaceuticals Inc,reports,Health Care,Biotechnology,"Cambridge, Massachusetts",23-09-2013,875320
VIAB,Viacom Inc.,reports,Consumer Discretionary,Broadcasting & Cable TV,"New York, New York",,1339947
V,Visa Inc.,reports,Information Technology,Internet Software & Services,"San Francisco, California",21-12-2009,1403161
VNO,Vornado Realty Trust,reports,Real Estate,REITs,"New York, New York",,899689
VMC,Vulcan Materials,reports,Materials,Construction Materials,"Birmingham, Alabama",,1396009
WMT,Wal-Mart Stores,reports,Consumer Staples,Hypermarkets & Super Centers,"Bentonville, Arkansas",31-08-1982,104169
WBA,Walgreens Boots Alliance,reports,Consumer Staples,Drug Retail,"Deerfield, Illinois",31-12-1979,1618921
WM,Waste Management Inc.,reports,Industrials,Environmental Services,"Houston, Texas",,823768
WAT,Waters Corporation,reports,Health Care,Health Care Distributors,"Milford, Massachusetts",,1000697
WEC,Wec Energy Group Inc,reports,Utilities,Electric Utilities,"Milwaukee, Wisconsin",31-10-2008,783325
WFC,Wells Fargo,reports,Financials,Banks,"San Francisco, California",30-06-1976,72971
HCN,Welltower Inc.,reports,Real Estate,REITs,"Toledo, Ohio",30-01-2009,766704
WDC,Western Digital,reports,Information Technology,Computer Storage & Peripherals,"Irvine, California",01-07-2009,106040
WU,Western Union Co,reports,Information Technology,Internet Software & Services,"Englewood, Colorado",,1365135
WRK,WestRock Company,reports,Materials,Paper Packaging,"Richmond, Virginia",,1636023
WY,Weyerhaeuser Corp.,reports,Real Estate,REITs,"Federal Way, Washington",,106535
WHR,Whirlpool Corp.,reports,Consumer Discretionary,Household Appliances,"Benton Harbor, Michigan",,106640
WFM,Whole Foods Market,reports,Consumer Staples,Food Retail,"Austin, Texas",,865436
WMB,Williams Cos.,reports,Energy,Oil & Gas Exploration & Production,"Tulsa, Oklahoma",31-03-1975,107263
WLTW,Willis Towers Watson,reports,Financials,Insurance Brokers,"London, United Kingdom",05-01-2016,1140536
WYN,Wyndham Worldwide,reports,Consumer Discretionary,"Hotels, Resorts & Cruise Lines","Parsippany, New Jersey",,1361658
WYNN,Wynn Resorts Ltd,reports,Consumer Discretionary,Casinos & Gaming,"Las Vegas, Nevada",14-11-2008,1174922
XEL,Xcel Energy Inc,reports,Utilities,MultiUtilities,"Minneapolis, Minnesota",,72903
XRX,Xerox Corp.,reports,Information Technology,IT Consulting & Other Services,"Norwalk, Connecticut",,108772
XLNX,Xilinx Inc,reports,Information Technology,Semiconductors,"San Jose, California",,743988
XL,XL Capital,reports,Financials,Property & Casualty Insurance,"Hamilton, Bermuda",,875159
XYL,Xylem Inc.,reports,Industrials,Industrial Conglomerates,"White Plains, New York",01-11-2011,1524472
YHOO,Yahoo Inc.,reports,Information Technology,Internet Software & Services,"Sunnyvale, California",,1011006
YUM,Yum! Brands Inc,reports,Consumer Discretionary,Restaurants,"Louisville, Kentucky",06-10-1997,1041061
ZBH,Zimmer Biomet Holdings,reports,Health Care,Health Care Equipment,"Warsaw, Indiana",,1136869
ZION,Zions Bancorp,reports,Financials,Regional Banks,"Salt Lake City, Utah",,109380
ZTS,Zoetis,reports,Health Care,Pharmaceuticals,"Florham Park, New Jersey",21-06-2013,1555280
